[{"model": "contenttypes.contenttype", "pk": 1, "fields": {"app_label": "admin", "model": "logentry"}}, {"model": "contenttypes.contenttype", "pk": 2, "fields": {"app_label": "auth", "model": "permission"}}, {"model": "contenttypes.contenttype", "pk": 3, "fields": {"app_label": "auth", "model": "group"}}, {"model": "contenttypes.contenttype", "pk": 4, "fields": {"app_label": "auth", "model": "user"}}, {"model": "contenttypes.contenttype", "pk": 5, "fields": {"app_label": "contenttypes", "model": "contenttype"}}, {"model": "contenttypes.contenttype", "pk": 6, "fields": {"app_label": "sessions", "model": "session"}}, {"model": "contenttypes.contenttype", "pk": 7, "fields": {"app_label": "blog", "model": "blogtype"}}, {"model": "contenttypes.contenttype", "pk": 8, "fields": {"app_label": "blog", "model": "blog"}}, {"model": "contenttypes.contenttype", "pk": 9, "fields": {"app_label": "read_statistics", "model": "readnum"}}, {"model": "contenttypes.contenttype", "pk": 10, "fields": {"app_label": "read_statistics", "model": "readdetail"}}, {"model": "contenttypes.contenttype", "pk": 11, "fields": {"app_label": "comment", "model": "comment"}}, {"model": "contenttypes.contenttype", "pk": 12, "fields": {"app_label": "comment", "model": "reply"}}, {"model": "contenttypes.contenttype", "pk": 13, "fields": {"app_label": "likes", "model": "likerecord"}}, {"model": "contenttypes.contenttype", "pk": 14, "fields": {"app_label": "likes", "model": "likecount"}}, {"model": "contenttypes.contenttype", "pk": 15, "fields": {"app_label": "user", "model": "profile"}}, {"model": "sessions.session", "pk": "ppqvm4wlvzmclo51w7mnmhvye9fylrcy", "fields": {"session_data": "YmVlNWQwZjI4N2QzM2EzZDIzZmEzMTE5NWQwNDgxZDkxY2IwNGMxMTp7Il9hdXRoX3VzZXJfaWQiOiIxIiwiX2F1dGhfdXNlcl9iYWNrZW5kIjoiZGphbmdvLmNvbnRyaWIuYXV0aC5iYWNrZW5kcy5Nb2RlbEJhY2tlbmQiLCJfYXV0aF91c2VyX2hhc2giOiIyMDg2ZGE4NDJmODI0ZTA1NmRkNWMyNDRlNmZmMTNkNDMxMmQ0MDAwIn0=", "expire_date": "2020-04-07T05:30:06.198"}}, {"model": "sessions.session", "pk": "tnwu6l2uoh28vdqen3k5u8go69ew27vp", "fields": {"session_data": "ODRiMjI5OGU1MTAzZTlmNTA0ZjM3NDJhOWJlM2Y1OGRiZTg0N2E0ODp7InNlbmRfY29kZV90aW1lIjoxNTg1NjgwMjU4LCJfYXV0aF91c2VyX2lkIjoiMSIsIl9hdXRoX3VzZXJfYmFja2VuZCI6ImRqYW5nby5jb250cmliLmF1dGguYmFja2VuZHMuTW9kZWxCYWNrZW5kIiwiX2F1dGhfdXNlcl9oYXNoIjoiNzlmYWNhNTcyOGUwNjFjMDEzMjI4ZWM3NDA3NTM1NmE5ZWVmMTE4OSJ9", "expire_date": "2020-04-15T02:44:52.871"}}, {"model": "blog.blogtype", "pk": 1, "fields": {"type_name": "Django"}}, {"model": "blog.blogtype", "pk": 2, "fields": {"type_name": "\u968f\u7b14"}}, {"model": "blog.blogtype", "pk": 3, "fields": {"type_name": "\u611f\u609f"}}, {"model": "read_statistics.readnum", "pk": 1, "fields": {"read_num": 12, "content_type": 8, "object_id": 36}}, {"model": "read_statistics.readnum", "pk": 2, "fields": {"read_num": 2, "content_type": 8, "object_id": 30}}, {"model": "read_statistics.readnum", "pk": 3, "fields": {"read_num": 2, "content_type": 8, "object_id": 31}}, {"model": "read_statistics.readnum", "pk": 4, "fields": {"read_num": 2, "content_type": 8, "object_id": 34}}, {"model": "read_statistics.readnum", "pk": 5, "fields": {"read_num": 2, "content_type": 8, "object_id": 32}}, {"model": "read_statistics.readnum", "pk": 6, "fields": {"read_num": 3, "content_type": 8, "object_id": 35}}, {"model": "read_statistics.readnum", "pk": 7, "fields": {"read_num": 1, "content_type": 8, "object_id": 5}}, {"model": "read_statistics.readnum", "pk": 8, "fields": {"read_num": 1, "content_type": 8, "object_id": 33}}, {"model": "read_statistics.readnum", "pk": 9, "fields": {"read_num": 2, "content_type": 8, "object_id": 3}}, {"model": "read_statistics.readnum", "pk": 10, "fields": {"read_num": 1, "content_type": 8, "object_id": 29}}, {"model": "read_statistics.readnum", "pk": 11, "fields": {"read_num": 1, "content_type": 8, "object_id": 28}}, {"model": "read_statistics.readdetail", "pk": 1, "fields": {"date": "2020-03-26", "read_num": 4, "content_type": 8, "object_id": 36}}, {"model": "read_statistics.readdetail", "pk": 2, "fields": {"date": "2020-03-26", "read_num": 1, "content_type": 8, "object_id": 35}}, {"model": "read_statistics.readdetail", "pk": 3, "fields": {"date": "2020-03-26", "read_num": 1, "content_type": 8, "object_id": 34}}, {"model": "read_statistics.readdetail", "pk": 4, "fields": {"date": "2020-03-26", "read_num": 1, "content_type": 8, "object_id": 33}}, {"model": "read_statistics.readdetail", "pk": 5, "fields": {"date": "2020-03-27", "read_num": 1, "content_type": 8, "object_id": 30}}, {"model": "read_statistics.readdetail", "pk": 6, "fields": {"date": "2020-03-27", "read_num": 1, "content_type": 8, "object_id": 3}}, {"model": "read_statistics.readdetail", "pk": 7, "fields": {"date": "2020-03-27", "read_num": 1, "content_type": 8, "object_id": 31}}, {"model": "read_statistics.readdetail", "pk": 8, "fields": {"date": "2020-03-27", "read_num": 1, "content_type": 8, "object_id": 32}}, {"model": "read_statistics.readdetail", "pk": 9, "fields": {"date": "2020-03-28", "read_num": 1, "content_type": 8, "object_id": 29}}, {"model": "read_statistics.readdetail", "pk": 10, "fields": {"date": "2020-03-29", "read_num": 1, "content_type": 8, "object_id": 36}}, {"model": "read_statistics.readdetail", "pk": 11, "fields": {"date": "2020-03-29", "read_num": 1, "content_type": 8, "object_id": 28}}, {"model": "read_statistics.readdetail", "pk": 12, "fields": {"date": "2020-03-29", "read_num": 1, "content_type": 8, "object_id": 3}}, {"model": "read_statistics.readdetail", "pk": 13, "fields": {"date": "2020-03-30", "read_num": 1, "content_type": 8, "object_id": 35}}, {"model": "likes.likecount", "pk": 1, "fields": {"content_type": 8, "object_id": 35, "liked_num": 0}}, {"model": "likes.likecount", "pk": 2, "fields": {"content_type": 8, "object_id": 36, "liked_num": 0}}, {"model": "likes.likecount", "pk": 3, "fields": {"content_type": 8, "object_id": 34, "liked_num": 0}}, {"model": "likes.likecount", "pk": 4, "fields": {"content_type": 8, "object_id": 33, "liked_num": 0}}, {"model": "likes.likecount", "pk": 5, "fields": {"content_type": 8, "object_id": 32, "liked_num": 0}}, {"model": "likes.likecount", "pk": 6, "fields": {"content_type": 8, "object_id": 31, "liked_num": 0}}, {"model": "likes.likecount", "pk": 7, "fields": {"content_type": 8, "object_id": 30, "liked_num": 0}}, {"model": "likes.likecount", "pk": 8, "fields": {"content_type": 11, "object_id": 34, "liked_num": 0}}, {"model": "likes.likecount", "pk": 9, "fields": {"content_type": 11, "object_id": 36, "liked_num": 0}}, {"model": "likes.likecount", "pk": 10, "fields": {"content_type": 11, "object_id": 35, "liked_num": 0}}, {"model": "likes.likecount", "pk": 11, "fields": {"content_type": 11, "object_id": 17, "liked_num": 0}}, {"model": "likes.likecount", "pk": 12, "fields": {"content_type": 11, "object_id": 16, "liked_num": 0}}, {"model": "likes.likecount", "pk": 13, "fields": {"content_type": 11, "object_id": 15, "liked_num": 0}}, {"model": "likes.likecount", "pk": 14, "fields": {"content_type": 11, "object_id": 7, "liked_num": 0}}, {"model": "likes.likecount", "pk": 15, "fields": {"content_type": 11, "object_id": 6, "liked_num": 0}}, {"model": "likes.likecount", "pk": 16, "fields": {"content_type": 11, "object_id": 5, "liked_num": 0}}, {"model": "likes.likecount", "pk": 17, "fields": {"content_type": 11, "object_id": 4, "liked_num": 0}}, {"model": "likes.likecount", "pk": 18, "fields": {"content_type": 11, "object_id": 37, "liked_num": 0}}, {"model": "likes.likecount", "pk": 19, "fields": {"content_type": 11, "object_id": 38, "liked_num": 0}}, {"model": "likes.likecount", "pk": 20, "fields": {"content_type": 8, "object_id": 8, "liked_num": 0}}, {"model": "likes.likecount", "pk": 21, "fields": {"content_type": 8, "object_id": 7, "liked_num": 0}}, {"model": "likes.likecount", "pk": 22, "fields": {"content_type": 8, "object_id": 6, "liked_num": 0}}, {"model": "likes.likecount", "pk": 23, "fields": {"content_type": 8, "object_id": 5, "liked_num": 0}}, {"model": "likes.likecount", "pk": 24, "fields": {"content_type": 8, "object_id": 4, "liked_num": 0}}, {"model": "likes.likecount", "pk": 25, "fields": {"content_type": 8, "object_id": 3, "liked_num": 0}}, {"model": "likes.likecount", "pk": 26, "fields": {"content_type": 11, "object_id": 31, "liked_num": 0}}, {"model": "likes.likecount", "pk": 27, "fields": {"content_type": 11, "object_id": 32, "liked_num": 0}}, {"model": "likes.likecount", "pk": 28, "fields": {"content_type": 11, "object_id": 33, "liked_num": 0}}, {"model": "likes.likecount", "pk": 29, "fields": {"content_type": 11, "object_id": 28, "liked_num": 0}}, {"model": "likes.likecount", "pk": 30, "fields": {"content_type": 11, "object_id": 3, "liked_num": 0}}, {"model": "likes.likecount", "pk": 31, "fields": {"content_type": 11, "object_id": 26, "liked_num": 0}}, {"model": "likes.likecount", "pk": 32, "fields": {"content_type": 11, "object_id": 27, "liked_num": 0}}, {"model": "likes.likecount", "pk": 33, "fields": {"content_type": 11, "object_id": 29, "liked_num": 0}}, {"model": "likes.likecount", "pk": 34, "fields": {"content_type": 11, "object_id": 30, "liked_num": 0}}, {"model": "likes.likecount", "pk": 35, "fields": {"content_type": 11, "object_id": 1, "liked_num": 0}}, {"model": "likes.likecount", "pk": 36, "fields": {"content_type": 11, "object_id": 25, "liked_num": 0}}, {"model": "likes.likecount", "pk": 37, "fields": {"content_type": 11, "object_id": 39, "liked_num": 0}}, {"model": "likes.likecount", "pk": 38, "fields": {"content_type": 11, "object_id": 40, "liked_num": 0}}, {"model": "likes.likecount", "pk": 39, "fields": {"content_type": 11, "object_id": 41, "liked_num": 0}}, {"model": "likes.likecount", "pk": 40, "fields": {"content_type": 11, "object_id": 42, "liked_num": 0}}, {"model": "likes.likecount", "pk": 41, "fields": {"content_type": 11, "object_id": 43, "liked_num": 0}}, {"model": "likes.likecount", "pk": 42, "fields": {"content_type": 11, "object_id": 44, "liked_num": 0}}, {"model": "likes.likecount", "pk": 43, "fields": {"content_type": 11, "object_id": 45, "liked_num": 0}}, {"model": "likes.likecount", "pk": 44, "fields": {"content_type": 11, "object_id": 46, "liked_num": 0}}, {"model": "likes.likecount", "pk": 45, "fields": {"content_type": 11, "object_id": 47, "liked_num": 0}}, {"model": "likes.likecount", "pk": 46, "fields": {"content_type": 11, "object_id": 51, "liked_num": 0}}, {"model": "likes.likecount", "pk": 47, "fields": {"content_type": 11, "object_id": 50, "liked_num": 0}}, {"model": "likes.likecount", "pk": 48, "fields": {"content_type": 11, "object_id": 49, "liked_num": 0}}, {"model": "auth.permission", "pk": 1, "fields": {"name": "Can add log entry", "content_type": 1, "codename": "add_logentry"}}, {"model": "auth.permission", "pk": 2, "fields": {"name": "Can change log entry", "content_type": 1, "codename": "change_logentry"}}, {"model": "auth.permission", "pk": 3, "fields": {"name": "Can delete log entry", "content_type": 1, "codename": "delete_logentry"}}, {"model": "auth.permission", "pk": 4, "fields": {"name": "Can add permission", "content_type": 2, "codename": "add_permission"}}, {"model": "auth.permission", "pk": 5, "fields": {"name": "Can change permission", "content_type": 2, "codename": "change_permission"}}, {"model": "auth.permission", "pk": 6, "fields": {"name": "Can delete permission", "content_type": 2, "codename": "delete_permission"}}, {"model": "auth.permission", "pk": 7, "fields": {"name": "Can add group", "content_type": 3, "codename": "add_group"}}, {"model": "auth.permission", "pk": 8, "fields": {"name": "Can change group", "content_type": 3, "codename": "change_group"}}, {"model": "auth.permission", "pk": 9, "fields": {"name": "Can delete group", "content_type": 3, "codename": "delete_group"}}, {"model": "auth.permission", "pk": 10, "fields": {"name": "Can add user", "content_type": 4, "codename": "add_user"}}, {"model": "auth.permission", "pk": 11, "fields": {"name": "Can change user", "content_type": 4, "codename": "change_user"}}, {"model": "auth.permission", "pk": 12, "fields": {"name": "Can delete user", "content_type": 4, "codename": "delete_user"}}, {"model": "auth.permission", "pk": 13, "fields": {"name": "Can add content type", "content_type": 5, "codename": "add_contenttype"}}, {"model": "auth.permission", "pk": 14, "fields": {"name": "Can change content type", "content_type": 5, "codename": "change_contenttype"}}, {"model": "auth.permission", "pk": 15, "fields": {"name": "Can delete content type", "content_type": 5, "codename": "delete_contenttype"}}, {"model": "auth.permission", "pk": 16, "fields": {"name": "Can add session", "content_type": 6, "codename": "add_session"}}, {"model": "auth.permission", "pk": 17, "fields": {"name": "Can change session", "content_type": 6, "codename": "change_session"}}, {"model": "auth.permission", "pk": 18, "fields": {"name": "Can delete session", "content_type": 6, "codename": "delete_session"}}, {"model": "auth.permission", "pk": 19, "fields": {"name": "Can add blog type", "content_type": 7, "codename": "add_blogtype"}}, {"model": "auth.permission", "pk": 20, "fields": {"name": "Can change blog type", "content_type": 7, "codename": "change_blogtype"}}, {"model": "auth.permission", "pk": 21, "fields": {"name": "Can delete blog type", "content_type": 7, "codename": "delete_blogtype"}}, {"model": "auth.permission", "pk": 22, "fields": {"name": "Can add blog", "content_type": 8, "codename": "add_blog"}}, {"model": "auth.permission", "pk": 23, "fields": {"name": "Can change blog", "content_type": 8, "codename": "change_blog"}}, {"model": "auth.permission", "pk": 24, "fields": {"name": "Can delete blog", "content_type": 8, "codename": "delete_blog"}}, {"model": "auth.permission", "pk": 25, "fields": {"name": "Can view log entry", "content_type": 1, "codename": "view_logentry"}}, {"model": "auth.permission", "pk": 26, "fields": {"name": "Can view permission", "content_type": 2, "codename": "view_permission"}}, {"model": "auth.permission", "pk": 27, "fields": {"name": "Can view group", "content_type": 3, "codename": "view_group"}}, {"model": "auth.permission", "pk": 28, "fields": {"name": "Can view user", "content_type": 4, "codename": "view_user"}}, {"model": "auth.permission", "pk": 29, "fields": {"name": "Can view content type", "content_type": 5, "codename": "view_contenttype"}}, {"model": "auth.permission", "pk": 30, "fields": {"name": "Can view session", "content_type": 6, "codename": "view_session"}}, {"model": "auth.permission", "pk": 31, "fields": {"name": "Can view blog", "content_type": 8, "codename": "view_blog"}}, {"model": "auth.permission", "pk": 32, "fields": {"name": "Can view blog type", "content_type": 7, "codename": "view_blogtype"}}, {"model": "auth.permission", "pk": 33, "fields": {"name": "Can add read num", "content_type": 9, "codename": "add_readnum"}}, {"model": "auth.permission", "pk": 34, "fields": {"name": "Can change read num", "content_type": 9, "codename": "change_readnum"}}, {"model": "auth.permission", "pk": 35, "fields": {"name": "Can delete read num", "content_type": 9, "codename": "delete_readnum"}}, {"model": "auth.permission", "pk": 36, "fields": {"name": "Can view read num", "content_type": 9, "codename": "view_readnum"}}, {"model": "auth.permission", "pk": 37, "fields": {"name": "Can add read detail", "content_type": 10, "codename": "add_readdetail"}}, {"model": "auth.permission", "pk": 38, "fields": {"name": "Can change read detail", "content_type": 10, "codename": "change_readdetail"}}, {"model": "auth.permission", "pk": 39, "fields": {"name": "Can delete read detail", "content_type": 10, "codename": "delete_readdetail"}}, {"model": "auth.permission", "pk": 40, "fields": {"name": "Can view read detail", "content_type": 10, "codename": "view_readdetail"}}, {"model": "auth.permission", "pk": 41, "fields": {"name": "Can add comment", "content_type": 11, "codename": "add_comment"}}, {"model": "auth.permission", "pk": 42, "fields": {"name": "Can change comment", "content_type": 11, "codename": "change_comment"}}, {"model": "auth.permission", "pk": 43, "fields": {"name": "Can delete comment", "content_type": 11, "codename": "delete_comment"}}, {"model": "auth.permission", "pk": 44, "fields": {"name": "Can view comment", "content_type": 11, "codename": "view_comment"}}, {"model": "auth.permission", "pk": 45, "fields": {"name": "Can add reply", "content_type": 12, "codename": "add_reply"}}, {"model": "auth.permission", "pk": 46, "fields": {"name": "Can change reply", "content_type": 12, "codename": "change_reply"}}, {"model": "auth.permission", "pk": 47, "fields": {"name": "Can delete reply", "content_type": 12, "codename": "delete_reply"}}, {"model": "auth.permission", "pk": 48, "fields": {"name": "Can view reply", "content_type": 12, "codename": "view_reply"}}, {"model": "auth.permission", "pk": 49, "fields": {"name": "Can add like record", "content_type": 13, "codename": "add_likerecord"}}, {"model": "auth.permission", "pk": 50, "fields": {"name": "Can change like record", "content_type": 13, "codename": "change_likerecord"}}, {"model": "auth.permission", "pk": 51, "fields": {"name": "Can delete like record", "content_type": 13, "codename": "delete_likerecord"}}, {"model": "auth.permission", "pk": 52, "fields": {"name": "Can view like record", "content_type": 13, "codename": "view_likerecord"}}, {"model": "auth.permission", "pk": 53, "fields": {"name": "Can add like count", "content_type": 14, "codename": "add_likecount"}}, {"model": "auth.permission", "pk": 54, "fields": {"name": "Can change like count", "content_type": 14, "codename": "change_likecount"}}, {"model": "auth.permission", "pk": 55, "fields": {"name": "Can delete like count", "content_type": 14, "codename": "delete_likecount"}}, {"model": "auth.permission", "pk": 56, "fields": {"name": "Can view like count", "content_type": 14, "codename": "view_likecount"}}, {"model": "auth.permission", "pk": 57, "fields": {"name": "Can add profile", "content_type": 15, "codename": "add_profile"}}, {"model": "auth.permission", "pk": 58, "fields": {"name": "Can change profile", "content_type": 15, "codename": "change_profile"}}, {"model": "auth.permission", "pk": 59, "fields": {"name": "Can delete profile", "content_type": 15, "codename": "delete_profile"}}, {"model": "auth.permission", "pk": 60, "fields": {"name": "Can view profile", "content_type": 15, "codename": "view_profile"}}, {"model": "auth.user", "pk": 1, "fields": {"password": "pbkdf2_sha256$180000$8jBTOMz0G3IV$Sz+Z8n4eE7bloY1mnmsaZJIA7c4y6/Edm6ZM3rZOb1A=", "last_login": "2020-04-01T02:44:52.870", "is_superuser": true, "username": "yangxinyu", "first_name": "", "last_name": "", "email": "1035743330@qq.com", "is_staff": true, "is_active": true, "date_joined": "2020-03-24T05:07:48.639", "groups": [], "user_permissions": []}}, {"model": "auth.user", "pk": 2, "fields": {"password": "pbkdf2_sha256$180000$q3Rm8o2hybmU$JPyRps1Lp4enbkhfo/DWPRl4CFl3mMULqjwaK3DU778=", "last_login": null, "is_superuser": false, "username": "yangxinyu1", "first_name": "", "last_name": "", "email": "1@qq.com", "is_staff": false, "is_active": true, "date_joined": "2020-03-28T15:36:25.553", "groups": [], "user_permissions": []}}, {"model": "auth.user", "pk": 3, "fields": {"password": "pbkdf2_sha256$180000$761eHdU1uvAG$vwoZLD5jhenJ7OSgzfq5H/LD/giGr1S8CcIZnOfuNEY=", "last_login": "2020-03-28T15:40:29.647", "is_superuser": false, "username": "yangxinyu2", "first_name": "", "last_name": "", "email": "2@qq.com", "is_staff": false, "is_active": true, "date_joined": "2020-03-28T15:40:29.462", "groups": [], "user_permissions": []}}, {"model": "auth.user", "pk": 4, "fields": {"password": "pbkdf2_sha256$180000$Ebi9QQB34WO6$3A9Y22aen5bncoKpTFUPgMIZB5XF4De8sUfLIC2zCXU=", "last_login": "2020-04-01T02:09:53.095", "is_superuser": false, "username": "yxy", "first_name": "", "last_name": "", "email": "yxy9711@gmail.com", "is_staff": false, "is_active": true, "date_joined": "2020-04-01T02:09:52.901", "groups": [], "user_permissions": []}}, {"model": "blog.blog", "pk": 3, "fields": {"title": "\u957f\u5185\u5bb9\u7684\u535a\u5ba2", "blog_type": 2, "content": "---\r\n\r\n**\u5173\u5173\u96ce\u9e20\uff0c\u5728\u6cb3\u4e4b\u6d32\u3002\u7a88\u7a95\u6dd1\u5973\uff0c\u541b\u5b50\u597d\u9011\u3002**\r\n\u53c2\u5dee\u8347\u83dc\uff0c\u5de6\u53f3\u6d41\u4e4b\u3002\u7a88\u7a95\u6dd1\u5973\uff0c\u5be4\u5bd0\u6c42\u4e4b\u3002\r\n\r\n---\r\n+ \u5217\u8868\u4e00\r\n+ \u5217\u8868\u4e8c\r\n    + \u5217\u8868\u4e8c-1\r\n    + \u5217\u8868\u4e8c-2\r\n---\r\n\r\n```python\r\ndef article_detail(request, id):\r\n\tarticle = ArticlePost.objects.get(id=id)\r\n\t# \u5c06markdown\u8bed\u6cd5\u6e32\u67d3\u6210html\u6837\u5f0f\r\n\tarticle.body = markdown.markdown(article.body,\r\n\t\textensions=[\r\n\t\t# \u5305\u542b \u7f29\u5199\u3001\u8868\u683c\u7b49\u5e38\u7528\u6269\u5c55\r\n\t\t'markdown.extensions.extra',\r\n\t\t# \u8bed\u6cd5\u9ad8\u4eae\u6269\u5c55\r\n\t\t'markdown.extensions.codehilite',\r\n\t\t])\r\n\tcontext = { 'article': article }\r\n\treturn render(request, 'article/detail.html', context)\r\n```", "author": 1, "created_time": "2020-03-24T12:30:16.225", "last_updated_time": "2020-03-26T09:45:14.415"}}, {"model": "blog.blog", "pk": 4, "fields": {"title": "\u968f\u7b142", "blog_type": 2, "content": "\u53f2\u8482\u592b", "author": 1, "created_time": "2020-03-24T12:58:44.614", "last_updated_time": "2020-03-24T12:58:44.614"}}, {"model": "blog.blog", "pk": 5, "fields": {"title": "Django1", "blog_type": 1, "content": "rtest", "author": 1, "created_time": "2020-03-24T12:59:10.578", "last_updated_time": "2020-03-24T12:59:10.578"}}, {"model": "blog.blog", "pk": 6, "fields": {"title": "shell\u6a21\u5f0f\u4e0b\u7b2c1\u7bc7", "blog_type": 1, "content": "XXXXXXss", "author": 1, "created_time": "2020-03-25T06:16:11.004", "last_updated_time": "2020-03-25T06:16:11.004"}}, {"model": "blog.blog", "pk": 7, "fields": {"title": "for 1 ", "blog_type": 1, "content": "xxx:1", "author": 1, "created_time": "2020-03-25T06:24:09.628", "last_updated_time": "2020-03-25T06:24:09.628"}}, {"model": "blog.blog", "pk": 8, "fields": {"title": "for 2 ", "blog_type": 1, "content": "xxx:2", "author": 1, "created_time": "2020-03-25T06:24:09.631", "last_updated_time": "2020-03-26T09:36:08.357"}}, {"model": "blog.blog", "pk": 9, "fields": {"title": "for 3 ", "blog_type": 1, "content": "xxx:3", "author": 1, "created_time": "2020-03-25T06:24:09.633", "last_updated_time": "2020-03-25T06:24:09.633"}}, {"model": "blog.blog", "pk": 10, "fields": {"title": "for 4 ", "blog_type": 1, "content": "xxx:4", "author": 1, "created_time": "2020-03-25T06:24:09.634", "last_updated_time": "2020-03-25T06:24:09.634"}}, {"model": "blog.blog", "pk": 11, "fields": {"title": "for 5 ", "blog_type": 1, "content": "xxx:5", "author": 1, "created_time": "2020-03-25T06:24:09.635", "last_updated_time": "2020-03-25T06:24:09.635"}}, {"model": "blog.blog", "pk": 12, "fields": {"title": "for 6 ", "blog_type": 1, "content": "xxx:6", "author": 1, "created_time": "2020-03-25T06:24:09.637", "last_updated_time": "2020-03-25T06:24:09.637"}}, {"model": "blog.blog", "pk": 13, "fields": {"title": "for 7 ", "blog_type": 1, "content": "xxx:7", "author": 1, "created_time": "2020-03-25T06:24:09.638", "last_updated_time": "2020-03-25T06:24:09.638"}}, {"model": "blog.blog", "pk": 14, "fields": {"title": "for 8 ", "blog_type": 1, "content": "xxx:8", "author": 1, "created_time": "2020-03-25T06:24:09.639", "last_updated_time": "2020-03-25T06:24:09.639"}}, {"model": "blog.blog", "pk": 15, "fields": {"title": "for 9 ", "blog_type": 1, "content": "xxx:9", "author": 1, "created_time": "2020-03-25T06:24:09.641", "last_updated_time": "2020-03-25T06:24:09.641"}}, {"model": "blog.blog", "pk": 16, "fields": {"title": "for 10 ", "blog_type": 1, "content": "xxx:10", "author": 1, "created_time": "2020-03-25T06:24:09.642", "last_updated_time": "2020-03-25T06:24:09.642"}}, {"model": "blog.blog", "pk": 17, "fields": {"title": "for 11 ", "blog_type": 1, "content": "xxx:11", "author": 1, "created_time": "2020-03-25T06:24:09.643", "last_updated_time": "2020-03-25T06:24:09.643"}}, {"model": "blog.blog", "pk": 18, "fields": {"title": "for 12 ", "blog_type": 1, "content": "xxx:12", "author": 1, "created_time": "2020-03-25T06:24:09.644", "last_updated_time": "2020-03-25T06:24:09.644"}}, {"model": "blog.blog", "pk": 19, "fields": {"title": "for 13 ", "blog_type": 1, "content": "xxx:13", "author": 1, "created_time": "2020-03-25T06:24:09.645", "last_updated_time": "2020-03-25T06:24:09.645"}}, {"model": "blog.blog", "pk": 20, "fields": {"title": "for 14 ", "blog_type": 1, "content": "xxx:14", "author": 1, "created_time": "2020-03-25T06:24:09.646", "last_updated_time": "2020-03-25T06:24:09.646"}}, {"model": "blog.blog", "pk": 21, "fields": {"title": "for 15 ", "blog_type": 1, "content": "xxx:15", "author": 1, "created_time": "2020-03-25T06:24:09.647", "last_updated_time": "2020-03-25T06:24:09.647"}}, {"model": "blog.blog", "pk": 22, "fields": {"title": "for 16 ", "blog_type": 1, "content": "xxx:16", "author": 1, "created_time": "2020-03-25T06:24:09.648", "last_updated_time": "2020-03-25T06:24:09.648"}}, {"model": "blog.blog", "pk": 23, "fields": {"title": "for 17 ", "blog_type": 1, "content": "xxx:17", "author": 1, "created_time": "2020-03-25T06:24:09.649", "last_updated_time": "2020-03-25T06:24:09.649"}}, {"model": "blog.blog", "pk": 24, "fields": {"title": "for 18 ", "blog_type": 1, "content": "xxx:18", "author": 1, "created_time": "2020-03-25T06:24:09.651", "last_updated_time": "2020-03-25T06:24:09.651"}}, {"model": "blog.blog", "pk": 25, "fields": {"title": "for 19 ", "blog_type": 1, "content": "xxx:19", "author": 1, "created_time": "2020-03-25T06:24:09.652", "last_updated_time": "2020-03-25T06:24:09.652"}}, {"model": "blog.blog", "pk": 26, "fields": {"title": "for 20 ", "blog_type": 1, "content": "xxx:20", "author": 1, "created_time": "2020-03-25T06:24:09.653", "last_updated_time": "2020-03-25T06:24:09.653"}}, {"model": "blog.blog", "pk": 27, "fields": {"title": "for 21 ", "blog_type": 1, "content": "xxx:21", "author": 1, "created_time": "2020-03-25T06:24:09.654", "last_updated_time": "2020-03-25T06:24:09.654"}}, {"model": "blog.blog", "pk": 28, "fields": {"title": "for 22 ", "blog_type": 1, "content": "xxx:22", "author": 1, "created_time": "2020-03-25T06:24:09.655", "last_updated_time": "2020-03-25T06:24:09.655"}}, {"model": "blog.blog", "pk": 29, "fields": {"title": "for 23 ", "blog_type": 1, "content": "xxx:23", "author": 1, "created_time": "2020-03-25T06:24:09.656", "last_updated_time": "2020-03-25T06:24:09.656"}}, {"model": "blog.blog", "pk": 30, "fields": {"title": "for 24 ", "blog_type": 1, "content": "xxx:24", "author": 1, "created_time": "2020-03-25T06:24:09.657", "last_updated_time": "2020-03-25T06:24:09.657"}}, {"model": "blog.blog", "pk": 31, "fields": {"title": "for 25 ", "blog_type": 1, "content": "xxx:25", "author": 1, "created_time": "2020-03-25T06:24:09.658", "last_updated_time": "2020-03-25T06:24:09.658"}}, {"model": "blog.blog", "pk": 32, "fields": {"title": "for 26 ", "blog_type": 1, "content": "xxx:26", "author": 1, "created_time": "2020-03-25T06:24:09.659", "last_updated_time": "2020-03-25T06:24:09.659"}}, {"model": "blog.blog", "pk": 33, "fields": {"title": "for 27 ", "blog_type": 1, "content": "xxx:27", "author": 1, "created_time": "2020-03-25T06:24:09.660", "last_updated_time": "2020-03-25T06:24:09.660"}}, {"model": "blog.blog", "pk": 34, "fields": {"title": "for 28 ", "blog_type": 1, "content": "xxx:28", "author": 1, "created_time": "2020-03-25T06:24:09.661", "last_updated_time": "2020-03-25T06:24:09.661"}}, {"model": "blog.blog", "pk": 35, "fields": {"title": "for 29 ", "blog_type": 1, "content": "xxx:29", "author": 1, "created_time": "2020-03-25T06:24:09.662", "last_updated_time": "2020-03-26T09:44:27.455"}}, {"model": "blog.blog", "pk": 36, "fields": {"title": "for 30 ", "blog_type": 1, "content": "xxx:30", "author": 1, "created_time": "2020-03-25T06:24:09.663", "last_updated_time": "2020-03-26T09:43:20.361"}}, {"model": "comment.comment", "pk": 1, "fields": {"content_type": 8, "object_id": 3, "text": "123123hello", "comment_time": "2020-03-28T05:58:53.342", "user": 1, "root": null, "parent": null, "reply_to": null}}, {"model": "comment.comment", "pk": 3, "fields": {"content_type": 8, "object_id": 3, "text": "234", "comment_time": "2020-03-28T07:25:13.848", "user": 1, "root": null, "parent": null, "reply_to": null}}, {"model": "comment.comment", "pk": 4, "fields": {"content_type": 8, "object_id": 36, "text": "345", "comment_time": "2020-03-29T03:32:15.451", "user": 3, "root": null, "parent": null, "reply_to": null}}, {"model": "comment.comment", "pk": 5, "fields": {"content_type": 8, "object_id": 36, "text": "456", "comment_time": "2020-03-29T04:45:39.277", "user": 3, "root": null, "parent": null, "reply_to": null}}, {"model": "comment.comment", "pk": 6, "fields": {"content_type": 8, "object_id": 36, "text": "<p>678</p>", "comment_time": "2020-03-29T08:20:57.631", "user": 3, "root": null, "parent": null, "reply_to": null}}, {"model": "comment.comment", "pk": 7, "fields": {"content_type": 8, "object_id": 36, "text": "<p>789</p>", "comment_time": "2020-03-29T08:24:17.618", "user": 3, "root": null, "parent": null, "reply_to": null}}, {"model": "comment.comment", "pk": 8, "fields": {"content_type": 8, "object_id": 29, "text": "<p>123</p>", "comment_time": "2020-03-29T08:32:32.989", "user": 3, "root": null, "parent": null, "reply_to": null}}, {"model": "comment.comment", "pk": 9, "fields": {"content_type": 8, "object_id": 29, "text": "<p>123</p>", "comment_time": "2020-03-29T08:32:36.638", "user": 3, "root": null, "parent": null, "reply_to": null}}, {"model": "comment.comment", "pk": 10, "fields": {"content_type": 8, "object_id": 29, "text": "<p>123</p>", "comment_time": "2020-03-29T08:32:42.342", "user": 3, "root": null, "parent": null, "reply_to": null}}, {"model": "comment.comment", "pk": 11, "fields": {"content_type": 8, "object_id": 29, "text": "<p>678</p>", "comment_time": "2020-03-29T08:33:43.311", "user": 3, "root": null, "parent": null, "reply_to": null}}, {"model": "comment.comment", "pk": 12, "fields": {"content_type": 8, "object_id": 29, "text": "<p>789</p>", "comment_time": "2020-03-29T08:34:52.560", "user": 3, "root": null, "parent": null, "reply_to": null}}, {"model": "comment.comment", "pk": 13, "fields": {"content_type": 8, "object_id": 29, "text": "<p>789123123</p>", "comment_time": "2020-03-29T08:45:26.690", "user": 3, "root": null, "parent": null, "reply_to": null}}, {"model": "comment.comment", "pk": 14, "fields": {"content_type": 8, "object_id": 29, "text": "<p>123123123</p>", "comment_time": "2020-03-29T08:45:34.258", "user": 3, "root": null, "parent": null, "reply_to": null}}, {"model": "comment.comment", "pk": 15, "fields": {"content_type": 8, "object_id": 36, "text": "<p><img alt=\"smiley\" height=\"23\" src=\"http://127.0.0.1:8000/static/ckeditor/ckeditor/plugins/smiley/images/regular_smile.png\" title=\"smiley\" width=\"23\" /></p>", "comment_time": "2020-03-29T09:24:29.564", "user": 3, "root": null, "parent": null, "reply_to": null}}, {"model": "comment.comment", "pk": 16, "fields": {"content_type": 8, "object_id": 36, "text": "<p>123</p>", "comment_time": "2020-03-29T09:24:41.392", "user": 3, "root": null, "parent": null, "reply_to": null}}, {"model": "comment.comment", "pk": 17, "fields": {"content_type": 8, "object_id": 36, "text": "<p><img alt=\"smiley\" height=\"23\" src=\"http://127.0.0.1:8000/static/ckeditor/ckeditor/plugins/smiley/images/regular_smile.png\" title=\"smiley\" width=\"23\" /></p>", "comment_time": "2020-03-29T09:24:50.141", "user": 3, "root": null, "parent": null, "reply_to": null}}, {"model": "comment.comment", "pk": 18, "fields": {"content_type": 8, "object_id": 31, "text": "<p>1</p>", "comment_time": "2020-03-29T09:25:55.573", "user": 3, "root": null, "parent": null, "reply_to": null}}, {"model": "comment.comment", "pk": 19, "fields": {"content_type": 8, "object_id": 32, "text": "<p>1</p>", "comment_time": "2020-03-29T09:27:24.008", "user": 3, "root": null, "parent": null, "reply_to": null}}, {"model": "comment.comment", "pk": 20, "fields": {"content_type": 8, "object_id": 30, "text": "<p>1</p>", "comment_time": "2020-03-29T09:27:31.868", "user": 3, "root": null, "parent": null, "reply_to": null}}, {"model": "comment.comment", "pk": 21, "fields": {"content_type": 8, "object_id": 28, "text": "<p>111</p>", "comment_time": "2020-03-29T09:28:05.584", "user": 3, "root": null, "parent": null, "reply_to": null}}, {"model": "comment.comment", "pk": 22, "fields": {"content_type": 8, "object_id": 28, "text": "<p>123</p>", "comment_time": "2020-03-29T09:31:21.053", "user": 3, "root": null, "parent": null, "reply_to": null}}, {"model": "comment.comment", "pk": 23, "fields": {"content_type": 8, "object_id": 28, "text": "<p>234</p>", "comment_time": "2020-03-29T09:31:25.712", "user": 3, "root": null, "parent": null, "reply_to": null}}, {"model": "comment.comment", "pk": 24, "fields": {"content_type": 8, "object_id": 28, "text": "<p>ggg</p>", "comment_time": "2020-03-29T17:32:33.111", "user": 3, "root": null, "parent": null, "reply_to": null}}, {"model": "comment.comment", "pk": 25, "fields": {"content_type": 8, "object_id": 3, "text": "!!!!!123234", "comment_time": "2020-03-29T20:30:10.674", "user": 2, "root": 1, "parent": 1, "reply_to": 1}}, {"model": "comment.comment", "pk": 26, "fields": {"content_type": 8, "object_id": 3, "text": "<p>234rep</p>", "comment_time": "2020-03-30T00:12:10.270", "user": 1, "root": 3, "parent": 3, "reply_to": 1}}, {"model": "comment.comment", "pk": 27, "fields": {"content_type": 8, "object_id": 3, "text": "<p>234reprep</p>", "comment_time": "2020-03-30T00:57:07.878", "user": 1, "root": 3, "parent": 26, "reply_to": 1}}, {"model": "comment.comment", "pk": 28, "fields": {"content_type": 8, "object_id": 3, "text": "<p>234repreprep</p>", "comment_time": "2020-03-30T00:57:54.838", "user": 1, "root": null, "parent": null, "reply_to": null}}, {"model": "comment.comment", "pk": 29, "fields": {"content_type": 8, "object_id": 3, "text": "<p>234reprep234reprep</p>", "comment_time": "2020-03-30T00:58:16.215", "user": 1, "root": 3, "parent": 27, "reply_to": 1}}, {"model": "comment.comment", "pk": 30, "fields": {"content_type": 8, "object_id": 3, "text": "<p>234reprep234reprep234reprep</p>", "comment_time": "2020-03-30T00:59:59.715", "user": 1, "root": 3, "parent": 29, "reply_to": 1}}, {"model": "comment.comment", "pk": 31, "fields": {"content_type": 8, "object_id": 3, "text": "<p>hello</p>", "comment_time": "2020-03-30T01:03:50.171", "user": 1, "root": null, "parent": null, "reply_to": null}}, {"model": "comment.comment", "pk": 32, "fields": {"content_type": 8, "object_id": 3, "text": "<p>hello1</p>", "comment_time": "2020-03-30T01:03:56.601", "user": 1, "root": 31, "parent": 31, "reply_to": 1}}, {"model": "comment.comment", "pk": 33, "fields": {"content_type": 8, "object_id": 3, "text": "<p>hello2</p>", "comment_time": "2020-03-30T01:04:02.630", "user": 1, "root": 31, "parent": 32, "reply_to": 1}}, {"model": "comment.comment", "pk": 34, "fields": {"content_type": 8, "object_id": 35, "text": "<p>123</p>", "comment_time": "2020-03-30T14:52:59.177", "user": 1, "root": null, "parent": null, "reply_to": null}}, {"model": "comment.comment", "pk": 35, "fields": {"content_type": 8, "object_id": 36, "text": "<p>1</p>", "comment_time": "2020-03-30T15:30:47.047", "user": 1, "root": null, "parent": null, "reply_to": null}}, {"model": "comment.comment", "pk": 36, "fields": {"content_type": 8, "object_id": 35, "text": "<p>123234</p>", "comment_time": "2020-03-30T20:42:49.345", "user": 1, "root": 34, "parent": 34, "reply_to": 1}}, {"model": "comment.comment", "pk": 37, "fields": {"content_type": 8, "object_id": 36, "text": "<p>123</p>", "comment_time": "2020-03-31T00:53:17.819", "user": 1, "root": null, "parent": null, "reply_to": null}}, {"model": "comment.comment", "pk": 38, "fields": {"content_type": 8, "object_id": 36, "text": "<p>234</p>", "comment_time": "2020-03-31T00:53:34.395", "user": 1, "root": 37, "parent": 37, "reply_to": 1}}, {"model": "comment.comment", "pk": 39, "fields": {"content_type": 8, "object_id": 36, "text": "<p>345</p>", "comment_time": "2020-03-31T21:16:21.573", "user": 1, "root": 37, "parent": 38, "reply_to": 1}}, {"model": "comment.comment", "pk": 40, "fields": {"content_type": 8, "object_id": 36, "text": "<p>345</p>", "comment_time": "2020-03-31T21:16:24.581", "user": 1, "root": 37, "parent": 38, "reply_to": 1}}, {"model": "comment.comment", "pk": 41, "fields": {"content_type": 8, "object_id": 36, "text": "<p>345</p>", "comment_time": "2020-03-31T21:16:28.035", "user": 1, "root": 37, "parent": 38, "reply_to": 1}}, {"model": "comment.comment", "pk": 42, "fields": {"content_type": 8, "object_id": 36, "text": "<p>345</p>", "comment_time": "2020-03-31T21:16:28.417", "user": 1, "root": 37, "parent": 38, "reply_to": 1}}, {"model": "comment.comment", "pk": 43, "fields": {"content_type": 8, "object_id": 36, "text": "<p>345</p>", "comment_time": "2020-03-31T21:16:28.653", "user": 1, "root": 37, "parent": 38, "reply_to": 1}}, {"model": "comment.comment", "pk": 44, "fields": {"content_type": 8, "object_id": 36, "text": "<p>345</p>", "comment_time": "2020-03-31T21:16:28.913", "user": 1, "root": 37, "parent": 38, "reply_to": 1}}, {"model": "comment.comment", "pk": 45, "fields": {"content_type": 8, "object_id": 36, "text": "<p>345</p>", "comment_time": "2020-03-31T21:16:29.149", "user": 1, "root": 37, "parent": 38, "reply_to": 1}}, {"model": "comment.comment", "pk": 46, "fields": {"content_type": 8, "object_id": 35, "text": "<p>1234</p>", "comment_time": "2020-03-31T21:17:20.994", "user": 1, "root": 34, "parent": 36, "reply_to": 1}}, {"model": "comment.comment", "pk": 47, "fields": {"content_type": 8, "object_id": 35, "text": "<p>hello</p>", "comment_time": "2020-03-31T21:19:46.751", "user": 1, "root": 34, "parent": 46, "reply_to": 1}}, {"model": "comment.comment", "pk": 48, "fields": {"content_type": 8, "object_id": 35, "text": "<p>1123123</p>", "comment_time": "2020-03-31T21:21:07.393", "user": 1, "root": 34, "parent": 34, "reply_to": 1}}, {"model": "comment.comment", "pk": 49, "fields": {"content_type": 8, "object_id": 36, "text": "<p>\u6d4b\u8bd5\u5624\u5624\u5624</p>", "comment_time": "2020-04-01T17:02:47.790", "user": 1, "root": 37, "parent": 37, "reply_to": 1}}, {"model": "comment.comment", "pk": 50, "fields": {"content_type": 8, "object_id": 36, "text": "<p>\u8bc4\u8bba\u5624\u5624\u5624</p>", "comment_time": "2020-04-01T17:03:22.772", "user": 1, "root": null, "parent": null, "reply_to": null}}, {"model": "comment.comment", "pk": 51, "fields": {"content_type": 8, "object_id": 36, "text": "<p>yyy</p>", "comment_time": "2020-04-01T17:30:02.405", "user": 1, "root": null, "parent": null, "reply_to": null}}, {"model": "user.profile", "pk": 1, "fields": {"user": 1, "nickname": "\u6768\u6615\u5b87"}}, {"model": "admin.logentry", "pk": 1, "fields": {"action_time": "2020-03-24T05:30:15.421", "user": 1, "content_type": 7, "object_id": "1", "object_repr": "BlogType object (1)", "action_flag": 1, "change_message": "[{\"added\": {}}]"}}, {"model": "admin.logentry", "pk": 2, "fields": {"action_time": "2020-03-24T05:30:25.844", "user": 1, "content_type": 7, "object_id": "1", "object_repr": "BlogType object (1)", "action_flag": 2, "change_message": "[{\"changed\": {\"fields\": [\"Type name\"]}}]"}}, {"model": "admin.logentry", "pk": 3, "fields": {"action_time": "2020-03-24T05:30:40.851", "user": 1, "content_type": 7, "object_id": "2", "object_repr": "BlogType object (2)", "action_flag": 1, "change_message": "[{\"added\": {}}]"}}, {"model": "admin.logentry", "pk": 4, "fields": {"action_time": "2020-03-24T05:30:44.473", "user": 1, "content_type": 7, "object_id": "3", "object_repr": "BlogType object (3)", "action_flag": 1, "change_message": "[{\"added\": {}}]"}}, {"model": "admin.logentry", "pk": 5, "fields": {"action_time": "2020-03-24T05:33:09.657", "user": 1, "content_type": 8, "object_id": "1", "object_repr": "<Blog: \u7b2c\u4e00\u7bc7\u535a\u5ba2>", "action_flag": 1, "change_message": "[{\"added\": {}}]"}}, {"model": "admin.logentry", "pk": 6, "fields": {"action_time": "2020-03-24T12:19:48.076", "user": 1, "content_type": 8, "object_id": "2", "object_repr": "<Blog: \u7b2c\u4e8c\u7bc7\u535a\u5ba2>", "action_flag": 1, "change_message": "[{\"added\": {}}]"}}, {"model": "admin.logentry", "pk": 7, "fields": {"action_time": "2020-03-24T12:28:30.545", "user": 1, "content_type": 8, "object_id": "2", "object_repr": "<Blog: \u7b2c\u4e8c\u7bc7\u535a\u5ba2>", "action_flag": 3, "change_message": ""}}, {"model": "admin.logentry", "pk": 8, "fields": {"action_time": "2020-03-24T12:28:30.546", "user": 1, "content_type": 8, "object_id": "1", "object_repr": "<Blog: \u7b2c\u4e00\u7bc7\u535a\u5ba2>", "action_flag": 3, "change_message": ""}}, {"model": "admin.logentry", "pk": 9, "fields": {"action_time": "2020-03-24T12:30:16.226", "user": 1, "content_type": 8, "object_id": "3", "object_repr": "<Blog: \u957f\u5185\u5bb9\u7684\u535a\u5ba2>", "action_flag": 1, "change_message": "[{\"added\": {}}]"}}, {"model": "admin.logentry", "pk": 10, "fields": {"action_time": "2020-03-24T12:58:44.615", "user": 1, "content_type": 8, "object_id": "4", "object_repr": "<Blog: \u968f\u7b142>", "action_flag": 1, "change_message": "[{\"added\": {}}]"}}, {"model": "admin.logentry", "pk": 11, "fields": {"action_time": "2020-03-24T12:59:10.579", "user": 1, "content_type": 8, "object_id": "5", "object_repr": "<Blog: Django1>", "action_flag": 1, "change_message": "[{\"added\": {}}]"}}, {"model": "admin.logentry", "pk": 12, "fields": {"action_time": "2020-03-26T05:06:19.428", "user": 1, "content_type": 8, "object_id": "3", "object_repr": "<Blog: \u957f\u5185\u5bb9\u7684\u535a\u5ba2>", "action_flag": 2, "change_message": "[{\"changed\": {\"fields\": [\"Content\"]}}]"}}, {"model": "admin.logentry", "pk": 13, "fields": {"action_time": "2020-03-26T05:51:12.642", "user": 1, "content_type": 8, "object_id": "3", "object_repr": "<Blog: \u957f\u5185\u5bb9\u7684\u535a\u5ba2>", "action_flag": 2, "change_message": "[]"}}, {"model": "admin.logentry", "pk": 14, "fields": {"action_time": "2020-03-26T05:53:47.626", "user": 1, "content_type": 8, "object_id": "3", "object_repr": "<Blog: \u957f\u5185\u5bb9\u7684\u535a\u5ba2>", "action_flag": 2, "change_message": "[{\"changed\": {\"fields\": [\"Content\"]}}]"}}, {"model": "admin.logentry", "pk": 15, "fields": {"action_time": "2020-03-26T05:54:09.519", "user": 1, "content_type": 8, "object_id": "3", "object_repr": "<Blog: \u957f\u5185\u5bb9\u7684\u535a\u5ba2>", "action_flag": 2, "change_message": "[{\"changed\": {\"fields\": [\"Content\"]}}]"}}, {"model": "admin.logentry", "pk": 16, "fields": {"action_time": "2020-03-26T06:43:35.010", "user": 1, "content_type": 8, "object_id": "3", "object_repr": "<Blog: \u957f\u5185\u5bb9\u7684\u535a\u5ba2>", "action_flag": 2, "change_message": "[{\"changed\": {\"fields\": [\"Content\"]}}]"}}, {"model": "admin.logentry", "pk": 17, "fields": {"action_time": "2020-03-26T06:45:45.015", "user": 1, "content_type": 8, "object_id": "3", "object_repr": "<Blog: \u957f\u5185\u5bb9\u7684\u535a\u5ba2>", "action_flag": 2, "change_message": "[{\"changed\": {\"fields\": [\"Content\"]}}]"}}, {"model": "admin.logentry", "pk": 18, "fields": {"action_time": "2020-03-26T06:47:21.731", "user": 1, "content_type": 8, "object_id": "3", "object_repr": "<Blog: \u957f\u5185\u5bb9\u7684\u535a\u5ba2>", "action_flag": 2, "change_message": "[{\"changed\": {\"fields\": [\"Content\"]}}]"}}, {"model": "admin.logentry", "pk": 19, "fields": {"action_time": "2020-03-26T06:49:11.626", "user": 1, "content_type": 8, "object_id": "3", "object_repr": "<Blog: \u957f\u5185\u5bb9\u7684\u535a\u5ba2>", "action_flag": 2, "change_message": "[{\"changed\": {\"fields\": [\"Content\"]}}]"}}, {"model": "admin.logentry", "pk": 20, "fields": {"action_time": "2020-03-26T12:21:39.984", "user": 1, "content_type": 9, "object_id": "1", "object_repr": "ReadNum object (1)", "action_flag": 1, "change_message": "[{\"added\": {}}]"}}, {"model": "admin.logentry", "pk": 21, "fields": {"action_time": "2020-03-26T16:57:25.027", "user": 1, "content_type": 10, "object_id": "1", "object_repr": "ReadDetail object (1)", "action_flag": 1, "change_message": "[{\"added\": {}}]"}}, {"model": "admin.logentry", "pk": 22, "fields": {"action_time": "2020-03-28T07:24:52.174", "user": 1, "content_type": 11, "object_id": "2", "object_repr": "Comment object (2)", "action_flag": 3, "change_message": ""}}, {"model": "admin.logentry", "pk": 23, "fields": {"action_time": "2020-03-29T20:30:10.676", "user": 1, "content_type": 11, "object_id": "25", "object_repr": "Comment object (25)", "action_flag": 1, "change_message": "[{\"added\": {}}]"}}, {"model": "admin.logentry", "pk": 24, "fields": {"action_time": "2020-03-29T20:30:32.600", "user": 1, "content_type": 11, "object_id": "25", "object_repr": "Comment object (25)", "action_flag": 2, "change_message": "[]"}}, {"model": "admin.logentry", "pk": 25, "fields": {"action_time": "2020-03-29T20:35:14.543", "user": 1, "content_type": 11, "object_id": "25", "object_repr": "123234", "action_flag": 2, "change_message": "[{\"changed\": {\"fields\": [\"Parent\"]}}]"}}, {"model": "admin.logentry", "pk": 26, "fields": {"action_time": "2020-03-29T21:27:19.392", "user": 1, "content_type": 11, "object_id": "25", "object_repr": "123234", "action_flag": 2, "change_message": "[{\"changed\": {\"fields\": [\"Root\", \"Reply to\"]}}]"}}, {"model": "admin.logentry", "pk": 27, "fields": {"action_time": "2020-03-29T21:27:48.402", "user": 1, "content_type": 11, "object_id": "25", "object_repr": "!!!!!123234", "action_flag": 2, "change_message": "[{\"changed\": {\"fields\": [\"Text\"]}}]"}}, {"model": "admin.logentry", "pk": 28, "fields": {"action_time": "2020-03-29T21:37:14.141", "user": 1, "content_type": 11, "object_id": "25", "object_repr": "!!!!!123234", "action_flag": 2, "change_message": "[{\"changed\": {\"fields\": [\"User\"]}}]"}}, {"model": "admin.logentry", "pk": 29, "fields": {"action_time": "2020-03-31T17:01:15.148", "user": 1, "content_type": 15, "object_id": "1", "object_repr": "<Profile: Rest1nPeace for yangxinyu>", "action_flag": 1, "change_message": "[{\"added\": {}}]"}}]